Afghanistan,Kabul,34.5166667,69.1833344,8
Afghanistan,Kandahar,31.61,65.6999969,8
Afghanistan,Mazar-e Sharif,36.7069444,67.1122208,8
Afghanistan,Herat,34.34,62.1899986,8
Afghanistan,Jalalabad,34.42,70.4499969,8
Afghanistan,Konduz,36.72,68.8600006,8
Afghanistan,Ghazni,33.5535554,68.4268875,8
Afghanistan,Balkh,36.7586111,66.8961105,8
Afghanistan,Baghlan,36.12,68.6999969,8
Afghanistan,Gardez,33.59,69.2200012,8
Albania,Durres,41.3230556,19.4413891,8
Albania,Elbasan,41.1125,20.082222,8
Albania,Vlore,40.4666667,19.4897213,8
Albania,Shkoder,42.0682829,19.5125771,8
Albania,Fier-Cifci,40.7166667,19.5666676,8
Albania,Korce,40.6186111,20.7808342,8
Albania,Berat,40.7058333,19.9522228,8
Albania,Lushnje,40.9419444,19.7049999,8
Albania,Kavaje,41.1855556,19.5569439,8
Algeria,Algiers,36.7630556,3.0505557,8
Algeria,Constantine,36.365,6.6147223,8
Algeria,Batna,35.555971,6.1741447,8
Algeria,Bab Ezzouar,36.7166667,3.1833334,8
Algeria,Annaba,36.9,7.7666669,8
Algeria,Sidi Bel Abbes,35.1938889,-0.6413889,8
Algeria,Ech Chettia,36.1956637,1.2584496,8
Algeria,Bejaia,36.75,5.0833335,8
Algeria,Skikda,36.8791667,6.9066668,8
Algeria,El Achir,36.0666667,4.6305556,8
Algeria,Medea,36.2675,2.75,8
United States,Los Angeles,34.0522342,-118.2436829,8
United States,Chicago,41.850033,-87.6500549,8
United States,Houston,29.7632836,-95.3632736,8
United States,Philadelphia,39.952335,-75.1637878,8
United States,Phoenix,33.4483771,-112.0740356,8
United States,San Antonio,29.4241219,-98.4936295,8
United States,San Diego,32.7153292,-117.1572571,8
United States,Dallas,32.7830556,-96.8066635,8
United States,Detroit,42.331427,-83.0457535,8
United States,San Jose,37.3393857,-121.8949585,8
Andorra,les Escaldes,42.507287,1.5341377,8
Andorra,Encamp,42.5333333,1.5833333,8
Andorra,Sant Julia de Loria,42.4637237,1.4912868,8
Andorra,la Massana,42.5449867,1.5148258,8
Andorra,Canillo,42.5666667,1.6,8
Andorra,Pas de la Casa,42.5427734,1.7336082,8
Angola,Luanda,-8.8383333,13.2344446,8
Angola,Huambo,-12.7761111,15.7391663,8
Angola,Lobito,-12.3480556,13.5455561,8
Angola,Benguela,-12.5783333,13.4072218,8
Angola,Lubango,-14.9166667,13.5,8
Angola,Malanje,-9.5447222,16.3452778,8
Angola,Namibe,-15.1961111,12.1522226,8
Angola,Soyo,-6.1333333,12.3666668,8
Angola,Cabinda,-5.55,12.1999998,8
Angola,Uige,-7.6166667,15.0500002,8
Angola,Saurimo,-9.65,20.3999996,8
Angola,Sumbe,-11.2,13.833333,8
Angola,Caluquembe,-13.7833333,14.6833334,8
Angola,Caxito,-8.58,13.6641665,8
Argentina,Cordoba,-31.4,-64.1833344,8
Argentina,Rosario,-32.9511111,-60.6663895,8
Argentina,Mendoza,-32.8833333,-68.8166656,8
Argentina,San Miguel de Tucuman,-26.8166667,-65.2166672,8
Argentina,La Plata,-34.9313889,-57.9488907,8
Argentina,Mar del Plata,-38,-57.5499992,8
Argentina,Quilmes,-34.7202778,-58.2694435,8
Argentina,Salta,-24.7833333,-65.4166641,8
Argentina,Santa Fe,-31.6333333,-60.7000008,8
Argentina,San Juan,-31.5375,-68.5363922,8
Armenia,Gyumri,40.7894444,43.8474998,8
Armenia,Vanadzor,40.8127778,44.4883347,8
Armenia,Ejmiatsin,40.1727778,44.2924995,8
Armenia,Hrazdan,40.5016667,44.7547226,8
Armenia,Abovyan,40.2691667,44.6244431,8
Armenia,Kapan,39.2011111,46.4150009,8
Armenia,Ararat,39.8302778,44.7024994,8
Armenia,Armavir,40.1522222,44.0308342,8
Armenia,Gavarr,40.3588889,45.126667,8
Armenia,Artashat,39.9538889,44.5505562,8
Australia,Melbourne,-37.8139966,144.9633179,8
Australia,Perth,-31.9333333,115.8333359,8
Australia,Adelaide,-34.9333333,138.6000061,8
Australia,Brisbane,-27.4679357,153.0280914,8
Australia,Gold Coast,-28,153.4333344,8
Australia,Newcastle,-32.9271484,151.776474,8
Australia,Canberra,-35.2834625,149.128067,8
Australia,Wollongong,-34.4333333,150.8833313,8
Australia,Geelong,-38.1471126,144.3607025,8
Australia,Cairns,-16.9166667,145.7666626,8
Austria,Graz,47.0666667,15.4499998,8
Austria,Linz,48.3063889,14.2861109,8
Austria,Salzburg,47.8,13.0333328,8
Austria,Innsbruck,47.2666667,11.3999996,8
Austria,Klagenfurt,46.6247222,14.3052778,8
Austria,Villach,46.6102778,13.8558331,8
Austria,Wels,48.1666667,14.0333328,8
Austria,Sankt Polten,48.2,15.6333332,8
Austria,Dornbirn,47.4166667,9.7330561,8
Austria,Steyr,48.0427423,14.4212723,8
Azerbaijan,Ganca,40.6827778,46.3605537,8
Azerbaijan,Sumqayit,40.5897222,49.6686096,8
Azerbaijan,Mingacevir,40.77,47.0488892,8
Azerbaijan,Qaracuxur,40.3966667,49.9736099,8
Azerbaijan,Ali Bayramli,39.9319444,48.9202766,8
Azerbaijan,Bakixanov,40.4216667,49.9644432,8
Azerbaijan,Naxcivan,39.2088889,45.4122238,8
Azerbaijan,Saki,41.1919444,47.1705551,8
Azerbaijan,Yevlax,40.6172222,47.1500015,8
Azerbaijan,Bilacari,40.4313889,49.8080559,8
Bahrain,Al Muharraq,26.2572222,50.6119461,8
Bahrain,Dar Kulayb,26.0686111,50.5038872,8
Bahrain,Madinat `Isa,26.173611,50.5477791,8
Bahrain,Sitrah,26.1547222,50.6205559,8
Bahrain,Jidd Hafs,26.2186111,50.5477791,8
Bahrain,Al Hadd,26.2455556,50.6541672,8
Bangladesh,Dhaka,23.7230556,90.4086075,8
Bangladesh,Chittagong,22.3330556,91.8363876,8
Bangladesh,Khulna,22.8,89.5500031,8
Bangladesh,Rajshahi,24.3666667,88.5999985,8
Bangladesh,Tungi,23.89,90.4058304,8
Bangladesh,Mymensingh,24.75,90.4000015,8
Bangladesh,Rangpur,25.75,89.25,8
Bangladesh,Narsingdi,23.9208333,90.7180557,8
Bangladesh,Jessore,23.1666667,89.2166672,8
Bangladesh,Sylhet,24.8966667,91.871666,8
Bangladesh,Narayanganj,23.6233333,90.5011139,8
Bangladesh,Dinajpur,25.6333333,88.6333313,8
Bangladesh,Barisal,22.7019444,90.371109,8
Bangladesh,Saidpur,25.7776918,88.8916931,8
Barbados,Speightstown,13.25,-59.6500015,8
Barbados,Oistins,13.0666667,-59.5333328,8
Barbados,Bathsheba,13.2166667,-59.5166664,8
Barbados,Holetown,13.1833333,-59.6500015,8
Barbados,The Crane,13.1,-59.4500008,8
Barbados,Crab Hill,13.3166667,-59.6333351,8
Barbados,Blackmans,13.1833333,-59.5333328,8
Barbados,Greenland,13.25,-59.5666656,8
Barbados,Hillaby,13.2166667,-59.5833321,8
Belarus,Minsk,53.9,27.5666676,8
Belarus,Vitsyebsk,55.1925,30.1944447,8
Belarus,Hrodna,53.6813889,23.8147221,8
Belarus,Brest,52.1,23.7000008,8
Belarus,Babruysk,53.15,29.2333336,8
Belarus,Baranavichy,53.1333333,26.0333328,8
Belarus,Pinsk,52.1213889,26.0727787,8
Belarus,Orsha,54.5152778,30.4052773,8
Belarus,Mazyr,52.05,29.2666664,8
Belarus,Salihorsk,52.8,27.5333328,8
Belarus,Maladzyechna,54.3166667,26.8497219,8
Belgium,Antwerp,51.2166667,4.4166665,8
Belgium,Gent,51.05,3.7166667,8
Belgium,Charleroi,50.4166667,4.4333334,8
Belgium,Liege,50.6411876,5.571785,8
Belgium,Brugge,51.2097871,3.2250023,8
Belgium,Namur,50.4666667,4.8666668,8
Belgium,Leuven,50.8795896,4.7009254,8
Belgium,Mons,50.4541296,3.9522886,8
Belgium,Aalst,50.9333333,4.0333333,8
Belgium,Mechelen,51.0333333,4.4666667,8
Belize,San Ignacio,17.1561111,-89.0713882,8
Belize,Orange Walk,18.0666667,-88.5500031,8
Belize,Belmopan,17.25,-88.7666702,8
Belize,Dangriga,16.9666667,-88.2166672,8
Belize,Corozal,18.3833333,-88.3833313,8
Belize,San Pedro,17.9166667,-87.9499969,8
Belize,Benque Viejo del Carmen,17.075,-89.1391678,8
Belize,Punta Gorda,16.1,-88.8000031,8
Belize,Valley of Peace,17.3347222,-88.8347244,8
Benin,Cotonou,6.35,2.4333334,8
Benin,Porto-Novo,6.4833333,2.6166668,8
Benin,Djougou,9.705,1.6669444,8
Benin,Parakou,9.35,2.6166668,8
Benin,Bohicon,7.2,2.0666666,8
Benin,Kandi,11.1341667,2.938611,8
Benin,Lokossa,6.6333333,1.7166667,8
Benin,Ouidah,6.3666667,2.0833333,8
Benin,Abomey,7.1833333,1.9833333,8
Benin,Natitingou,10.3066667,1.375,8
Benin,Save,8.0333333,2.4833333,8
Bhutan,Phuntsholing,26.85,89.3833313,8
Bhutan,Pajo,27.5333333,89.8833313,8
Bhutan,Tashi Yangtse,27.5833333,91.4666672,8
Bhutan,Mongar,27.25,91.1999969,8
Bhutan,Tongsa,27.5166667,90.5,8
Bhutan,Daga,27.0666667,89.8833313,8
Bhutan,Paro,27.4333333,89.4166641,8
Bhutan,Ha,27.3666667,89.2833328,8
Bhutan,Panbang,26.8666667,90.9833298,8
Bhutan,Tashigang,27.3166667,91.5666656,8
Bolivia,Cochabamba,-17.3833333,-66.1500015,8
Bolivia,La Paz,-16.5,-68.1500015,8
Bolivia,Sucre,-19.0430556,-65.2591629,8
Bolivia,Oruro,-17.9833333,-67.1500015,8
Bolivia,Tarija,-21.5354857,-64.7295532,8
Bolivia,Potosi,-19.5836111,-65.7530594,8
Bolivia,Montero,-17.3333333,-63.25,8
Bolivia,Trinidad,-14.8333333,-64.9000015,8
Bolivia,Yacuiba,-22.0333333,-63.6833344,8
Bolivia,Riberalta,-10.9833333,-66.0999985,8
Bosnia and Herzegovina,Banja Luka,44.7758333,17.1855564,8
Bosnia and Herzegovina,Zenica,44.2013889,17.9063892,8
Bosnia and Herzegovina,Tuzla,44.5427778,18.669445,8
Bosnia and Herzegovina,Mostar,43.3433333,17.8080559,8
Bosnia and Herzegovina,Bihac,44.8169444,15.8708334,8
Bosnia and Herzegovina,Bugojno,44.0572222,17.4508324,8
Bosnia and Herzegovina,Brcko,44.8727778,18.8083324,8
Bosnia and Herzegovina,Bijeljina,44.7569444,19.2161102,8
Bosnia and Herzegovina,Prijedor,44.9813889,16.7130547,8
Bosnia and Herzegovina,Trebinje,42.7119444,18.3441658,8
Brazil,Rio de Janeiro,-22.9027778,-43.2075005,8
Brazil,Salvador,-12.9711111,-38.5108337,8
Brazil,Fortaleza,-3.7172222,-38.5430565,8
Brazil,Belo Horizonte,-19.9208333,-43.9377785,8
Brazil,Brasilia,-15.77972,-47.9297218,8
Brazil,Curitiba,-25.4277778,-49.273056,8
Brazil,Manaus,-3.1019444,-60.0250015,8
Brazil,Recife,-8.0538889,-34.8811111,8
Brazil,Belem,-1.4558333,-48.5044441,8
Brazil,Porto Alegre,-30.0330556,-51.2299995,8
United Kingdom,Birmingham,52.4666667,-1.9166667,8
United Kingdom,Glasgow,55.8333333,-4.25,8
United Kingdom,Liverpool,53.4166667,-3,8
United Kingdom,Leeds,53.7964813,-1.5478492,8
United Kingdom,Sheffield,53.38297,-1.4659023,8
United Kingdom,Edinburgh,55.95,-3.2,8
United Kingdom,Bristol,51.45,-2.5833333,8
United Kingdom,Manchester,53.4809464,-2.2374344,8
United Kingdom,Leicester,52.6333333,-1.1333333,8
United Kingdom,Coventry,52.4065556,-1.5121651,8
Brunei,Kuala Belait,4.5833333,114.1833344,8
Brunei,Seria,4.6166667,114.3166656,8
Brunei,Tutong,4.8,114.6500015,8
Brunei,Bangar,4.7166667,115.0666656,8
Bulgaria,Sofia,42.6975135,23.3241463,8
Bulgaria,Plovdiv,42.15,24.75,8
Bulgaria,Varna,43.2166667,27.916666,8
Bulgaria,Burgas,42.5,27.4666672,8
Bulgaria,Ruse,43.8563889,25.9708328,8
Bulgaria,Stara Zagora,42.4327778,25.6419449,8
Bulgaria,Sliven,42.6858333,26.3291664,8
Bulgaria,Dobrich,43.5666667,27.833334,8
Bulgaria,Shumen,43.2706437,26.9228554,8
Bulgaria,Pernik,42.6,23.0333328,8
Bulgaria,Yambol,42.4833333,26.5,8
Bulgaria,Khaskovo,41.9402778,25.5694447,8
Bulgaria,Pazardzhik,42.2,24.333334,8
Bulgaria,Gabrovo,41.8927778,22.9349995,8
Bulgaria,Blagoevgrad,42.0166667,23.1000004,8
Bulgaria,Veliko Turnovo,43.0812389,25.6290436,8
Myanmar,Mandalay,22,96.0833359,8
Myanmar,Mawlamyine,16.4913889,97.6255569,8
Myanmar,Bago,17.3366667,96.4797211,8
Myanmar,Pathein,16.7833333,94.7333298,8
Myanmar,Monywa,22.1166667,95.1333313,8
Myanmar,Akyab,20.15,92.9000015,8
Myanmar,Meiktila,20.8666667,95.8666687,8
Myanmar,Myeik,12.4333333,98.5999985,8
Myanmar,Taunggyi,20.7833333,97.0333328,8
Myanmar,Myingyan,21.4666667,95.3833313,8
Cambodia,Kampong Saom,10.6333333,103.5,8
Cambodia,Batdambang,13.1,103.1999969,8
Cambodia,Siemreab,13.3666667,103.8499985,8
Cambodia,Kampong Chhnang,12.25,104.6666641,8
Cambodia,Kampong Cham,12,105.4499969,8
Cambodia,Pouthisat,12.5333333,103.9166641,8
Cambodia,Ta Khmau,11.4833333,104.9499969,8
Cambodia,Phumi Veal Sre,10.9833333,104.7833328,8
Cambodia,Kampong Spoe,11.45,104.5333328,8
Cambodia,Krong Kaoh Kong,11.6175,102.9805527,8
Cameroon,Yaounde,3.8666667,11.5166664,8
Cameroon,Garoua,9.3,13.3999996,8
Cameroon,Kousseri,12.0783333,15.0308332,8
Cameroon,Bamenda,5.9333333,10.166667,8
Cameroon,Maroua,10.5955556,14.3247223,8
Cameroon,Bafoussam,5.4666667,10.416667,8
Cameroon,Mokolo,10.7402778,13.8027782,8
Cameroon,Ngaoundere,7.3166667,13.583333,8
Cameroon,Bertoua,4.5833333,13.6833334,8
Cameroon,Edea,3.8,10.1333332,8
Canada,Montreal,45.5167792,-73.6491776,8
Canada,Vancouver,49.2496574,-123.119339,8
Canada,Calgary,51.0501123,-114.085289,8
Canada,Ottawa,45.4209405,-75.6902847,8
Canada,Edmonton,53.5501359,-113.4687119,8
Canada,Winnipeg,49.8843986,-97.1470413,8
Canada,Quebec,46.8122791,-71.2145386,8
Canada,Hamilton,43.2334084,-79.9496384,8
Canada,Kitchener,43.4500956,-80.4829865,8
Canada,Halifax,44.6519862,-63.5968475,8
Cape Verde,Mindelo,16.8833333,-25,8
Cape Verde,Santa Maria,16.6,-22.8999996,8
Cape Verde,Santa Cruz,15.1333333,-23.5666676,8
Cape Verde,Sao Filipe,14.9,-24.5166664,8
Cape Verde,Assomada,15.1,-23.6833324,8
Cape Verde,Tarrafal,15.2833333,-23.7666664,8
Cape Verde,Porto Novo,17.0196919,-25.0647068,8
Cape Verde,Vila da Ribeira Brava,16.6166667,-24.2999992,8
Cape Verde,Ponta do Sol,17.2,-25.1000004,8
Cape Verde,Vila do Maio,15.1333333,-23.2166672,8
Central African Republic,Bimbo,4.3,18.5499992,8
Central African Republic,Mbaiki,3.8833333,18,8
Central African Republic,Berberati,4.2666667,15.7833328,8
Central African Republic,Kaga Bandoro,6.9833333,19.1833324,8
Central African Republic,Bozoum,6.3166667,16.3833332,8
Central African Republic,Carnot,4.9333333,15.8666668,8
Central African Republic,Sibut,5.7333333,19.083334,8
Central African Republic,Bambari,5.7619444,20.667223,8
Central African Republic,Bria,6.5333333,21.9833336,8
Central African Republic,Bouar,5.95,15.6000004,8
Chad,Sarh,9.15,18.3833332,8
Chad,Abeche,13.8291624,20.8323956,8
Chad,Kelo,9.3166667,15.8000002,8
Chad,Koumra,8.9166667,17.5499992,8
Chad,Pala,9.3666667,14.8999996,8
Chad,Am Timan,11.0333333,20.2833328,8
Chad,Bongor,10.2805556,15.3722219,8
Chad,Mongo,12.1833333,18.7000008,8
Chad,Doba,8.65,16.8500004,8
Chad,Ati,13.2166667,18.333334,8
Chile,vina causino,-33.6166667,-70.5833359,8
Chile,Antofagasta,-23.65,-70.4000015,8
Chile,Vina del Mar,-33.0229137,-71.552536,8
Chile,Valparaiso,-33.0393202,-71.6272583,8
Chile,Talcahuano,-36.7166667,-73.1166687,8
Chile,San Bernardo,-33.6,-70.7166672,8
Chile,Temuco,-38.7333333,-72.5999985,8
Chile,Iquique,-20.2166667,-70.1666641,8
Chile,Concepcion,-36.826995,-73.0497665,8
Chile,Rancagua,-34.1666667,-70.75,8
China,Beijing,39.9074977,116.3972244,8
China,Nanchong,30.8,106.0666656,8
China,Kaifeng,34.7911111,114.3483353,8
China,Wuhan,30.5833333,114.2666702,8
China,Chongqing,29.5627778,106.5527802,8
China,Chengdu,30.6666667,104.0666656,8
China,Tianjin,39.1422222,117.1766663,8
China,Puyang,29.4602778,119.8861084,8
China,Shenyang,41.7922222,123.4327774,8
China,Shiyan,32.6475,110.7780533,8
Colombi,Cali,3.4372222,-76.5224991,8
Colombi,Medellin,6.2913889,-75.5361099,8
Colombi,Barranquilla,10.9638889,-74.7963867,8
Colombi,Cartagena,10.3997222,-75.5144424,8
Colombi,Cucuta,7.8833333,-72.5052795,8
Colombi,Bucaramanga,7.1297222,-73.1258316,8
Colombi,Pereira,4.8133333,-75.6961136,8
Colombi,Santa Marta,11.2472222,-74.2016678,8
Colombi,Ibague,4.4388889,-75.2322235,8
Colombi,Bello,6.3388889,-75.5622253,8
Comoros,Moutsamoudou,-12.1627778,44.396389,8
Comoros,Fomboni,-12.28,43.7425003,8
Comoros,Domoni,-12.2569444,44.5319443,8
Comoros,Sima,-12.1955556,44.2766685,8
Comoros,Ouani,-12.1322222,44.4258347,8
Comoros,Mirontsi,-12.1566667,44.4080544,8
Comoros,Koni-Djodjo,-12.2297222,44.4816666,8
Comoros,Moya,-12.3066667,44.4377785,8
Comoros,Mbeni,-11.5013889,43.3774986,8
Comoros,Mitsamiouli,-11.3847222,43.2844429,8
Costa Rica,Puerto Limon,10,-83.0333328,8
Costa Rica,San Francisco,9.9833333,-84.1333313,8
Costa Rica,Alajuela,10.0166667,-84.2166672,8
Costa Rica,Liberia,10.6333333,-85.4333344,8
Costa Rica,Paraiso,9.8333333,-83.8666687,8
Costa Rica,Puntarenas,9.9762473,-84.838356,8
Costa Rica,San Isidro,9.3833333,-83.6999969,8
Costa Rica,Curridabat,9.9166667,-84.0333328,8
Costa Rica,San Vicente,9.9666667,-84.0500031,8
Costa Rica,San Vicente de Moravia,9.9616439,-84.0487976,8
Croatia,Zagreb,45.8,16,8
Croatia,Split,43.5089078,16.4391518,8
Croatia,Rijeka,45.3430556,14.4091663,8
Croatia,Osijek,45.5511111,18.6938896,8
Croatia,Zadar,44.1197222,15.2422218,8
Croatia,Slavonski Brod,45.1602778,18.0155563,8
Croatia,Pula,44.8683333,13.8480558,8
Croatia,Sesvete,45.8311111,16.1163883,8
Croatia,Karlovac,45.4872222,15.5477781,8
Croatia,Varazdin,46.3044444,16.3377781,8
Cuba,Santiago de Cuba,20.0247222,-75.8219452,8
Cuba,Camaguey,21.3808333,-77.9169464,8
Cuba,Holguin,20.8872222,-76.2630539,8
Cuba,Guantanamo,20.1444444,-75.2091675,8
Cuba,Santa Clara,22.4,-79.9666672,8
Cuba,Las Tunas,20.9616667,-76.9511108,8
Cuba,Bayamo,20.3791667,-76.6433334,8
Cuba,Pinar del Rio,22.4175,-83.6980591,8
Cuba,Cienfuegos,22.1461111,-80.4355545,8
Cuba,Matanzas,23.0411111,-81.5774994,8
Cyprus,Limassol,34.675,33.0333328,8
Cyprus,Larnaca,34.9166667,33.6291656,8
Cyprus,Famagusta,35.125,33.9500008,8
Cyprus,Paphos,34.7666667,32.4166679,8
Cyprus,Kyrenia,35.3416667,33.3166656,8
Cyprus,Protaras,35.0125,34.0583344,8
Cyprus,Morphou,35.1980556,32.9913902,8
Cyprus,Aradhippou,34.95,33.5916672,8
Cyprus,Paralimni,35.0375,33.9833336,8
Cyprus,Lefka,35.1105556,32.8505554,8
Czech Republic,Brno,49.1952227,16.6079597,8
Czech Republic,Ostrava,49.8346452,18.2820435,8
Czech Republic,Plzen,49.7474748,13.3775873,8
Czech Republic,Olomouc,49.5955243,17.2517529,8
Czech Republic,Liberec,50.7671119,15.0561914,8
Czech Republic,Ceske Budejovice,48.9744684,14.4743404,8
Czech Republic,Hradec Kralove,50.2092284,15.8327684,8
Czech Republic,Usti nad Labem,50.6607038,14.0322723,8
Czech Republic,Pardubice,50.0407508,15.7765903,8
Czech Republic,Havirov,49.7798448,18.4368801,8
Denmark,Arhus,56.1567366,10.210762,8
Denmark,Odense,55.3959381,10.3883133,8
Denmark,Aalborg,57.047999,9.9187012,8
Denmark,Frederiksberg,55.679375,12.5346279,8
Denmark,Esbjerg,55.4666667,8.4499998,8
Denmark,Randers,56.4666667,10.0500002,8
Denmark,Kolding,55.4903995,9.4721651,8
Denmark,Vejle,55.7092707,9.5357037,8
Denmark,Horsens,55.8606582,9.850337,8
Denmark,Hvidovre,55.6571864,12.4736395,8
Djibouti,`Ali Sabieh,11.1558333,42.7125015,8
Djibouti,Tadjoura,11.7852778,42.8844452,8
Djibouti,Obock,11.9630556,43.290554,8
Djibouti,Dikhil,11.1086111,42.3738899,8
Djibouti,`Arta,11.5222222,42.8419456,8
Djibouti,Holhol,11.3102778,42.9294434,8
Djibouti,Dorra,12.1494444,42.4775009,8
Djibouti,Galafi,11.7158333,41.836113,8
Djibouti,Loyada,11.4611111,43.2527771,8
Djibouti,Alaili Dadda`,12.4216667,42.8955574,8
Netherlands,Rotterdam,51.9225,4.479167,8
Netherlands,The Hague,52.076667,4.2986112,8
Netherlands,Utrecht,52.090833,5.1222219,8
Netherlands,Eindhoven,51.440833,5.477778,8
Netherlands,Tilburg,51.5555149,5.0913048,8
Netherlands,Groningen,53.219167,6.5666671,8
Netherlands,Almere Stad,52.3702542,5.2141285,8
Netherlands,Breda,51.5865631,4.7759628,8
Netherlands,Nijmegen,51.8425,5.852778,8
Netherlands,Enschede,52.218333,6.895833,8
Ecuador,Quito,-0.2166667,-78.5,8
Ecuador,Cuenca,-2.8833333,-78.9833298,8
Ecuador,Santo Domingo de los Colorados,-0.25,-79.1500015,8
Ecuador,Machala,-3.2666667,-79.9666672,8
Ecuador,Manta,-0.95,-80.7333298,8
Ecuador,Portoviejo,-1.05,-80.4499969,8
Ecuador,Duran,-2.2,-79.8333359,8
Ecuador,Ambato,-1.2490809,-78.616745,8
Ecuador,Riobamba,-1.6666667,-78.6333313,8
Ecuador,Quevedo,-1.0333333,-79.4499969,8
Equatorial Guinea,Malabo,3.75,8.7833328,8
Equatorial Guinea,Ebebiyin,2.15,11.333333,8
Equatorial Guinea,Aconibe,1.3,10.9333334,8
Equatorial Guinea,Anisoc,1.85,10.7666664,8
Equatorial Guinea,Luba,3.45,8.5500002,8
Equatorial Guinea,Evinayong,1.45,10.5666666,8
Equatorial Guinea,Mongomo,1.6333333,11.3166666,8
Equatorial Guinea,Mikomeseng,2.1333333,10.6166668,8
Equatorial Guinea,Rebola,3.7166667,8.833333,8
Equatorial Guinea,Pale,-1.4013889,5.6325002,8
Eritrea,Mendefera,14.8872222,38.8152771,8
Eritrea,Barentu,15.1138889,37.5927773,8
Eritrea,Adi Keyh,14.8444444,39.377224,8
Eritrea,Idi,13.9297222,41.6925011,8
Eritrea,Dekemhare,15.07,39.0475006,8
Eritrea,Akurdet,15.5486111,37.8866653,8
Eritrea,Teseney,15.11,36.6575012,8
Estonia,Tallinn,59.4369583,24.7535267,8
Estonia,Tartu,58.3806248,26.72509,8
Estonia,Narva,59.3772222,28.1902771,8
Estonia,Parnu,58.3747222,24.5136108,8
Estonia,Viljandi,58.3638889,25.5900002,8
Estonia,Rakvere,59.3463889,26.3558331,8
Estonia,Sillamae,59.3997222,27.7547226,8
Estonia,Maardu,59.4766667,25.0249996,8
Estonia,Kuressaare,58.2480556,22.5038891,8
Estonia,Voru,57.8338889,27.0194435,8
Estonia,Valga,57.7778128,26.0472965,8
Estonia,Haapsalu,58.9430556,23.5413895,8
Estonia,Johvi,59.3591667,27.4211102,8
Ethiopia,Dire Dawa,9.5930556,41.8661118,8
Ethiopia,Nazret,8.55,39.2666664,8
Ethiopia,Bahir Dar,11.6,37.3833351,8
Ethiopia,Gonder,12.6,37.4666672,8
Ethiopia,Dese,11.1333333,39.6333351,8
Ethiopia,Awasa,7.05,38.4666672,8
Ethiopia,Jima,7.6666667,36.8333321,8
Ethiopia,Debre Zeyit,8.75,38.9833336,8
Ethiopia,Kombolcha,11.0833333,39.7333336,8
Ethiopia,Harer,9.3094444,42.1258316,8
Fiji,Nandi,-17.8,177.4166718,8
Fiji,Lambasa,-16.4166667,179.3833313,8
Finland,Helsinki,60.1755556,24.934166,8
Finland,Espoo,60.2166667,24.666666,8
Finland,Tampere,61.4991132,23.787117,8
Finland,Vantaa,60.2966805,25.0138092,8
Finland,Turku,60.45,22.2833328,8
Finland,Oulu,65.0166667,25.4666672,8
Finland,Lahti,60.9832673,25.6561661,8
Finland,Kuopio,62.9,27.6833324,8
Finland,Pori,61.4833333,21.7833328,8
Finland,Lappeenranta,61.0666667,28.1833324,8
Finland,Vasa,63.0960013,21.6157722,8
Finland,Kotka,60.4666667,26.916666,8
Finland,Joensuu,62.6,29.7666664,8
Finland,Hameenlinna,61,24.4500008,8
Finland,Borga,60.4,25.666666,8
Finland,Mikkeli,61.6833333,27.25,8
Finland,Hyvinkaa,60.6333333,24.8666668,8
Finland,Jarvenpaa,60.4666667,25.1000004,8
France,Marseille,43.3,5.4000001,8
France,Lyon,45.75,4.8499999,8
France,Toulouse,43.6042619,1.4436722,8
France,Nice,43.7031261,7.2660828,8
France,Nantes,47.2172508,-1.5533638,8
France,Strasbourg,48.5833333,7.75,8
France,Montpellier,43.6,3.8833332,8
France,Bordeaux,44.8333333,-0.5666667,8
France,Lille,50.6333333,3.0666666,8
France,Rennes,48.0833333,-1.6833333,8
Gabon,Port-Gentil,-0.7166667,8.7833328,8
Gabon,Franceville,-1.6333333,13.583333,8
Gabon,Oyem,1.6166667,11.583333,8
Gabon,Moanda,-1.5666667,13.1999998,8
Gabon,Mouila,-1.8666667,11.0166664,8
Gabon,Lambarene,-0.7,10.2166672,8
Gabon,Tchibanga,-2.85,11.0333328,8
Gabon,Koulamoutou,-1.1333333,12.4833336,8
Gabon,Makokou,0.5666667,12.8666668,8
Gabon,Bitam,2.0833333,11.4833336,8
"Gambia, The",Bakau,13.4780556,-16.6819439,8
"Gambia, The",Banjul,13.4564084,-16.5812874,8
"Gambia, The",Farafenni,13.5666667,-15.6000004,8
"Gambia, The",Lamin,13.3522222,-16.4338894,8
"Gambia, The",Sukuta,13.4113889,-16.708889,8
"Gambia, The",Basse Santa Su,13.3166667,-14.2166672,8
"Gambia, The",Gunjur,13.2019444,-16.7338886,8
"Gambia, The",Soma,13.4333333,-15.5333328,8
"Gambia, The",Sabi,13.2333333,-14.1999998,8
"Gambia, The",Bansang,13.4333333,-14.6499996,8
Georgia,Sokhumi,43.0033333,41.0152779,8
Georgia,Zugdidi,42.5122222,41.8691673,8
Georgia,Gori,41.9736111,44.1111107,8
Georgia,Samtredia,42.1537005,42.3351707,8
Georgia,Khashuri,41.9911111,43.5900002,8
Georgia,Senaki,42.2688889,42.0791664,8
Georgia,Stantsiya Novyy Afon,43.0805556,40.8383331,8
Georgia,Marneuli,41.4636111,44.810833,8
Georgia,Kobuleti,41.82,41.7752762,8
Georgia,Tsqaltubo,42.3397222,42.5991669,8
Germany,Hamburg,53.55,10,8
Germany,Muenchen,48.1376831,11.5743542,8
Germany,Koeln,50.9333333,6.9499998,8
Germany,Frankfurt am Main,50.1166667,8.6833334,8
Germany,Essen,51.45,7.0166669,8
Germany,Stuttgart,48.7823243,9.1770172,8
Germany,Dortmund,51.5166667,7.4499998,8
Germany,Dusseldorf,51.2217226,6.7761612,8
Germany,Bremen,53.0751557,8.8077736,8
Germany,Hannover,52.3705163,9.7332211,8
Ghana,Kumasi,6.6833333,-1.6166667,8
Ghana,Tamale,9.4,-0.8333333,8
Ghana,Takoradi,4.8833333,-1.75,8
Ghana,Achiaman,5.7,-0.3333333,8
Ghana,Tema,5.6166667,-0.0166667,8
Ghana,Teshi,5.5833333,-0.1,8
Ghana,Cape Coast,5.1,-1.25,8
Ghana,Sekondi,4.9333333,-1.7,8
Ghana,Obuasi,6.2,-1.6666667,8
Ghana,Madina,5.6833333,-0.1666667,8
Greece,Thessaloniki,40.6402778,22.9438896,8
Greece,Piraeus,37.9474464,23.637085,8
Greece,Patrai,38.2444444,21.7344437,8
Greece,Peristerion,38.0166667,23.7000008,8
Greece,Irakleion,35.325,25.1305561,8
Greece,Larisa,39.6372222,22.4202785,8
Greece,Kallithea,37.95,23.7000008,8
Greece,Nikaia,37.9666667,23.6499996,8
Greece,Kalamaria,40.5825,22.9502773,8
Greece,Volos,39.3666667,22.9458332,8
Grenada,Grenville,12.1166667,-61.6166649,8
Grenada,Victoria,12.1902072,-61.7067719,8
Grenada,Sauteurs,12.2166667,-61.6333351,8
Grenada,Hillsborough,12.4833333,-61.4666672,8
Guatemala,Guatemala City,14.62111,-90.5269394,8
Guatemala,Mixco,14.6333333,-90.6063919,8
Guatemala,Villa Nueva,14.5269444,-90.5875015,8
Guatemala,Petapa,14.5027778,-90.5516663,8
Guatemala,San Juan Sacatepequez,14.7188889,-90.644165,8
Guatemala,Quetzaltenango,14.8333333,-91.5166702,8
Guatemala,Escuintla,14.305,-90.7850037,8
Guatemala,Chinautla,14.7083333,-90.4994431,8
Guatemala,Chimaltenango,14.6686111,-90.8166656,8
Guatemala,Chichicastenango,14.9333333,-91.1166687,8
Guatemala,Huehuetenango,15.3197222,-91.4708328,8
Guatemala,Amatitlan,14.4875,-90.6152802,8
Guatemala,Totonicapan,14.9166667,-91.3666687,8
Guatemala,Santa Catarina Pinula,14.5688889,-90.4952774,8
Guatemala,Santa Lucia Cotzumalguapa,14.3333333,-91.0166702,8
Guatemala,Puerto Barrios,15.7166667,-88.5999985,8
Guyana,Linden,6,-58.2999992,8
Guyana,New Amsterdam,6.25,-57.5166664,8
Guyana,Bartica,6.4,-58.6166649,8
Guyana,Skeldon,5.8833333,-57.1333351,8
Guyana,Rosignol,6.2833333,-57.5333328,8
Guyana,Mahaica Village,6.6833333,-57.9166679,8
Guyana,Vreed en Hoop,6.8075,-58.1869431,8
Guyana,Fort Wellington,6.4,-57.5999985,8
Guyana,Mahaicony Village,6.55,-57.7999992,8
Guyana,Mabaruma,8.2,-59.7833328,8
Haiti,Carrefour,18.5411401,-72.3992157,8
Haiti,Delmas 73,18.5447222,-72.3027802,8
Haiti,Cap-Haitien,19.7577778,-72.2041702,8
Haiti,Petionville,18.5125,-72.2852783,8
Haiti,Gonaives,19.45,-72.6833344,8
Haiti,Saint-Marc,19.1166667,-72.6999969,8
Haiti,Les Cayes,18.2,-73.75,8
Haiti,Verrettes,19.05,-72.4666672,8
Haiti,Ti Port-de-Paix,19.9333333,-72.8333359,8
Haiti,Jacmel,18.2341667,-72.5347214,8
Honduras,San Pedro Sula,15.5,-88.0333328,8
Honduras,Choloma,15.6144401,-87.9530258,8
Honduras,La Ceiba,15.7833333,-86.8000031,8
Honduras,El Progreso,15.4,-87.8000031,8
Honduras,Ciudad Choluteca,13.3002778,-87.190834,8
Honduras,Comayagua,14.45,-87.6333313,8
Honduras,Puerto Cortez,15.8333333,-87.9499969,8
Honduras,La Lima,15.4333333,-87.9166641,8
Honduras,Danli,14.0333333,-86.5833359,8
Honduras,Siguatepeque,14.6,-87.8333359,8
Hungary,Debrecen,47.5333333,21.6333332,8
Hungary,Miskolc,48.1,20.7833328,8
Hungary,Szeged,46.2529981,20.1482391,8
Hungary,Pecs,46.0833333,18.2333336,8
Hungary,Gyor,47.6833322,17.6351166,8
Hungary,Nyiregyhaza,47.9553868,21.7167091,8
Hungary,Kecskemet,46.9061838,19.6912766,8
Hungary,Szekesfehervar,47.1899458,18.4103394,8
Hungary,Szombathely,47.2308762,16.6215534,8
Hungary,Paradsasvar,47.9126028,19.9770927,8
Iceland,Kopavogur,64.1,-21.916666,8
Iceland,Hafnarfjordur,64.0666667,-21.9500008,8
Iceland,Akureyri,65.6666667,-18.1000004,8
Iceland,Gardabar,64.0833333,-21.9833336,8
Iceland,Keflavik,64.0166667,-22.5666676,8
Iceland,Akranes,64.3166667,-22.1000004,8
Iceland,Selfoss,63.9333333,-21,8
Iceland,Njardvik,63.9666667,-22.5166664,8
Iceland,Saudarkrokur,65.75,-19.6499996,8
Iceland,Grindavik,63.8333333,-22.4333324,8
Kiribati,Tarawa,-0.869217,169.5406342,8
Kiribati,Taburao,1.8166667,173.0166626,8
Kiribati,Temaraia,-0.6666667,174.4499969,8
Kiribati,Butaritari,3.0833333,172.8166656,8
Kiribati,Utiroa,-1.2166667,174.75,8
Kiribati,Tabukiniberu,-1.3419259,175.9894714,8
Kiribati,Rawannawi,2.05,173.2666626,8
Kiribati,Tabiauea,0.9,173.0333405,8
Kiribati,Rungata,-1.35,176.4333344,8
Kiribati,Ijaki,-1.9166667,175.5833282,8
India,Delhi,28.6666667,77.2166672,8
India,Bengaluru,12.9762267,77.6032944,8
India,Calcutta,22.5697222,88.3697205,8
India,Chennai,13.0878385,80.2784729,8
India,Ahmadabad,23.0333333,72.6166687,8
India,Hyderabad,17.3752778,78.4744415,8
India,Pune,18.5195742,73.8553543,8
India,Surat,21.1666667,72.8333359,8
India,Kanpur,26.4666667,80.3499985,8
India,Jaipur,26.9166667,75.8166656,8
Indonesia,Surabaya,-7.2491667,112.7508316,8
Indonesia,Medan,3.5833333,98.6666641,8
Indonesia,Bandung,-6.9127778,107.6205521,8
Indonesia,Bekasi,-6.2366667,106.9919434,8
Indonesia,Palembang,-2.9167253,104.7457962,8
Indonesia,Tangerang,-6.1780556,106.6299973,8
Indonesia,Makassar,-5.1463889,119.4386139,8
Indonesia,Semarang,-6.9666667,110.4166641,8
Indonesia,Depok,-6.4,106.8186111,8
Indonesia,Mamuju,-2.6786111,118.8933334,8
Iran,Mashhad,36.2958333,59.6119461,8
Iran,Esfahan,32.6597222,51.6713905,8
Iran,Karaj,35.8287611,50.9982033,8
Iran,Tabriz,38.08,46.2919426,8
Iran,Shiraz,29.615,52.5383339,8
Iran,Qom,34.6452778,50.8808327,8
Iran,Ahvaz,31.3291667,48.6911125,8
Iran,Kahriz,34.3877778,47.0580559,8
Iran,Kermanshah,34.3141667,47.0649986,8
Iran,Rasht,37.2794444,49.5858345,8
Iraq,Al Basrah,30.4941667,47.8191681,8
Iraq,Al Mawsil al Jadidah,36.3291667,43.086113,8
Iraq,Al Basrah al Qadimah,30.4955556,47.8175011,8
Iraq,Mosul,36.335,43.1188889,8
Iraq,Arbil,36.19,44.0088882,8
Iraq,Abu Ghurayb,33.3083333,44.1850014,8
Iraq,As Sulaymaniyah,35.5616667,45.440834,8
Iraq,Kirkuk,35.4680556,44.3922234,8
Iraq,An Najaf,31.9961111,44.314724,8
Iraq,An Nasiriyah,31.0541667,46.2594452,8
Ireland,Cork,51.8986111,-8.4958334,8
Ireland,Dun Laoghaire,53.2939516,-6.1358643,8
Ireland,Limerick,52.6647222,-8.6230555,8
Ireland,Galway,53.2719444,-9.0488892,8
Ireland,Tallaght,53.2858965,-6.3734436,8
Ireland,Port Lairge,52.2583333,-7.1119442,8
Ireland,Drogheda,53.7188889,-6.3477778,8
Ireland,Dun Dealgan,54,-6.4166665,8
Ireland,Bray,53.2027778,-6.0983334,8
Ireland,Sord,53.4597222,-6.2180557,8
Israel,Tel Aviv-Yafo,32.0677778,34.7647209,8
Israel,Haifa,32.8155556,34.9891663,8
Israel,Ashdod,31.8166667,34.6500015,8
Israel,Rishon LeZiyyon,31.9641667,34.8044434,8
Israel,Beersheba,31.2333333,34.7833328,8
Israel,Netanya,32.3336111,34.8577766,8
Israel,Holon,32.0113889,34.7722206,8
Israel,Bene Beraq,32.0902778,34.8397217,8
Israel,Bat Yam,32.0230556,34.7502785,8
Israel,Ramat Gan,32.0805556,34.814167,8
Italy,Milano,45.4642694,9.1895056,8
Italy,Napoli,40.8333333,14.25,8
Italy,Torino,45.0704898,7.6868248,8
Italy,Palermo,38.1158198,13.3597612,8
Italy,Genova,44.4063163,8.9338589,8
Italy,Florence,43.7666667,11.25,8
Italy,Bologna,44.4938115,11.3387489,8
Italy,Bari,41.117734,16.8511848,8
Italy,Catania,37.502134,15.0871897,8
Italy,Venice,45.4386111,12.3266668,8
Jamaica,New Kingston,18.0074679,-76.7831879,8
Jamaica,Spanish Town,17.9833333,-76.9499969,8
Jamaica,Portmore,17.9702424,-76.867218,8
Jamaica,Montego Bay,18.4666667,-77.9166641,8
Jamaica,Mandeville,18.0333333,-77.5,8
Jamaica,May Pen,17.9666667,-77.2333298,8
Jamaica,Old Harbour,17.9333333,-77.1166687,8
Jamaica,Linstead,18.1368287,-77.0317154,8
Jamaica,Half Way Tree,18,-76.8000031,8
Jamaica,Bog Walk,18.1020475,-77.0054016,8
Japan,Yokohama,35.45,139.6499939,8
Japan,Osaka,34.6937398,135.502182,8
Japan,Nagoya,35.1814728,136.9064026,8
Japan,Sapporo,43.0547222,141.3538818,8
Japan,Kobe,34.6833333,135.1666718,8
Japan,Kyoto,35.02107,135.7538452,8
Japan,Fukuoka,33.5833333,130.3999939,8
Japan,Kawasaki,35.5205556,139.7172241,8
Japan,Hiroshima,34.4,132.4499969,8
Japan,Yono,35.8833333,139.6333313,8
Jordan,Irbid,32.5555556,35.8499985,8
Jordan,Wadi as Sir,31.95,35.8166656,8
Jordan,`Ajlun,32.3338889,35.7508316,8
Jordan,Al `Aqabah,29.5266667,35.0077782,8
Jordan,Madaba,31.7166667,35.7999992,8
Jordan,As Salt,32.0391667,35.7272224,8
Jordan,Ar Ramtha,32.5591667,36.0069427,8
Jordan,Al Mafraq,32.35,36.2000008,8
Jordan,Al Jubayhah,32.0166667,35.8666649,8
Jordan,Sahab,31.8786111,36.0044441,8
Kazakhstan,Qaraghandy,49.7988889,73.0994415,8
Kazakhstan,Karagandy,50.0666667,54.8666649,8
Kazakhstan,Shymkent,42.3,69.5999985,8
Kazakhstan,Taraz,42.9,71.3666687,8
Kazakhstan,Astana,51.1811111,71.4277802,8
Kazakhstan,Pavlodar,52.3,76.9499969,8
Kazakhstan,Kyzylorda,44.8527778,65.5091629,8
Kazakhstan,Semipalatinsk,50.4111111,80.2275009,8
Kazakhstan,Aqtobe,50.2796868,57.2071838,8
Kazakhstan,Qostanay,53.1666667,63.5833321,8
Kenya,Mombasa,-4.05,39.6666679,8
Kenya,Nakuru,-0.2833333,36.0666656,8
Kenya,Eldoret,0.5166667,35.2833328,8
Kenya,Kisumu,-0.1,34.75,8
Kenya,Thika,-1.0332596,37.0693283,8
Kenya,Kitale,1.0166667,35,8
Kenya,Malindi,-3.2166667,40.1166649,8
Kenya,Garissa,-0.4569444,39.6583328,8
Kenya,Kakamega,0.2833333,34.75,8
Kenya,Bungoma,0.5666667,34.5666656,8
Kuwait,Sabah as Salim,29.2572222,48.0572205,8
Kuwait,Al Farwaniyah,29.2775,47.9586105,8
Kuwait,Al Fuhayhil,29.0825,48.1302795,8
Kuwait,Kuwait,29.3697222,47.9783325,8
Kuwait,Ar Riqqah,29.1458333,48.0947227,8
Kuwait,Salwa,29.2958333,48.0786095,8
Kuwait,Al Manqaf,29.0961111,48.1327782,8
Kuwait,Ar Rabiyah,29.295,47.9330559,8
Kuwait,Bayan,29.3180556,48.0391655,8
Kuwait,Al Fintas,29.1738889,48.1211128,8
Latvia,Daugavpils,55.8833333,26.5333328,8
Latvia,Vec-Liepaja,56.5333333,21.0166664,8
Latvia,Liepaja,56.5166667,21.0166664,8
Latvia,Jelgava,56.65,23.7127781,8
Latvia,Jurmala,56.9608333,23.75,8
Latvia,Ventspils,57.3894444,21.5605564,8
Latvia,Rezekne,56.5,27.3166676,8
Latvia,Jekabpils,56.4833333,25.8500004,8
Latvia,Valmiera,57.5359155,25.4244232,8
Latvia,Ogre,56.8166667,24.6000004,8
Lebanon,Tripoli,34.4366667,35.8497238,8
Lebanon,Sidon,33.5630556,35.3688889,8
Lebanon,Tyre,33.2733333,35.1938896,8
Lebanon,Habbouch,33.4075,35.4827766,8
Lebanon,Jounie,33.9808333,35.6177788,8
Lebanon,Zahle,33.8497222,35.9041672,8
Lebanon,Baalbek,34.0058333,36.2180557,8
Lebanon,Jbail,34.1211111,35.648056,8
Lebanon,Batroun,34.2552778,35.6580544,8
Lebanon,Ain Ebel,33.1102269,35.4025078,8
Liberia,Gbarnga,6.9955556,-9.4722223,8
Liberia,Bensonville,6.4461111,-10.6125002,8
Liberia,Harper,4.375,-7.7169442,8
Liberia,Buchanan,5.8808333,-10.0466671,8
Liberia,Zwedru,6.0666667,-8.1280556,8
Liberia,New Yekepa,7.5794444,-8.5377779,8
Liberia,Ganta,7.3022222,-8.5308332,8
Liberia,Robertsport,6.7533333,-11.3686113,8
Liberia,Tubmanburg,6.8708333,-10.8172226,8
Libya,Tripoli,32.8925,13.1800003,8
Libya,Misratah,32.3783333,15.0905552,8
Libya,Tarhunah,32.4333333,13.6333332,8
Libya,Al Khums,32.65,14.2666664,8
Libya,Harat az Zawiyah,32.7630556,12.7150002,8
Libya,Zuwarah,32.9344444,12.0791664,8
Libya,Ajdabiya,30.7591667,20.2230549,8
Libya,Surt,31.2061111,16.5947227,8
Libya,Al Jadid,27.05,14.3999996,8
Libya,Tobruk,32.0836111,23.9763889,8
Libya,Sabratah,32.7919444,12.4847221,8
Liechtenstein,Vaduz,47.1415115,9.5215416,8
Liechtenstein,Triesen,47.1,9.5333328,8
Liechtenstein,Balzers,47.0666667,9.5,8
Liechtenstein,Eschen,47.2107065,9.5222282,8
Liechtenstein,Mauren,47.2180524,9.5442009,8
Liechtenstein,Triesenberg,47.1181539,9.5419693,8
Liechtenstein,Ruggell,47.2333333,9.5166664,8
Liechtenstein,Gamprin,47.2203842,9.5093536,8
Liechtenstein,Schellenberg,47.2312259,9.5467758,8
Liechtenstein,Planken,47.1851627,9.5443726,8
Lithuania,Kaunas,54.9,23.8999996,8
Lithuania,Klaipeda,55.7172222,21.1175003,8
Lithuania,Siauliai,55.9333333,23.3166676,8
Lithuania,Dainava (Kaunas),54.915254,23.9683056,8
Lithuania,Panevezys,55.7333333,24.3500004,8
Lithuania,Alytus,54.4,24.0499992,8
Lithuania,Marijampole,54.5666667,23.3500004,8
Lithuania,Mazeikiai,56.3166667,22.333334,8
Lithuania,Jonava,55.0833333,24.2833328,8
Lithuania,Utena,55.5,25.6000004,8
Luxembourg,Esch-sur-Alzette,49.4958333,5.9805555,8
Luxembourg,Dudelange,49.4805556,6.0875001,8
Luxembourg,Schifflange,49.5063889,6.0127778,8
Luxembourg,Bettembourg,49.5186111,6.102778,8
Luxembourg,Petange,49.5583333,5.8805556,8
Luxembourg,Ettelbruck,49.8475,6.1041665,8
Luxembourg,Diekirch,49.8677778,6.1558332,8
Luxembourg,Strassen,49.6205556,6.0733333,8
Luxembourg,Bertrange,49.6111111,6.0500002,8
Luxembourg,Belvaux,49.5127778,5.9294443,8
Macedonia,Kumanovo,42.1322222,21.7144451,8
Macedonia,Bitola,41.0311111,21.3402786,8
Macedonia,Prilep,41.3463889,21.5544453,8
Macedonia,Tetovo,42.0105556,20.9713898,8
Macedonia,Veles,41.7155556,21.7755547,8
Macedonia,Ohrid,41.1172222,20.8019447,8
Macedonia,Gostivar,41.7972222,20.9083328,8
Macedonia,Shtip,41.7458333,22.1958332,8
Macedonia,Strumica,41.4375,22.6433334,8
Macedonia,Kavadarci,41.4330556,22.0119438,8
Malawi,Toamasina,-18.1666667,49.3833351,8
Malawi,Fianarantsoa,-21.4333333,47.0833321,8
Malawi,Mahajanga,-15.7166667,46.3166656,8
Malawi,Toliara,-23.35,43.6666679,8
Malawi,Antsiranana,-12.2666667,49.2833328,8
Malawi,Antanifotsy,-19.65,47.3166656,8
Malawi,Ambovombe,-25.1666667,46.0833321,8
Malawi,Amparafaravola,-17.5833333,48.2166672,8
Malawi,Fort Dauphin,-25.0318335,46.9998131,8
Malawi,Ambatondrazaka,-17.8333333,48.4166679,8
Malaysia,Blantyre,-15.7833333,35,8
Malaysia,Zomba,-15.3833333,35.3333321,8
Malaysia,Kasungu,-13.0333333,33.4833336,8
Malaysia,Mangochi,-14.4666667,35.2666664,8
Malaysia,Karonga,-9.9333333,33.9333344,8
Malaysia,Salima,-13.7833333,34.4333344,8
Malaysia,Nkhotakota,-12.9166667,34.2999992,8
Malaysia,Liwonde,-15.0666667,35.2166672,8
Malaysia,Nsanje,-16.9166667,35.2666664,8
Malaysia,Rumphi,-11.0166667,33.8666649,8
Maldives,Klang,3.0333333,101.4499969,8
Maldives,Kampung Baru Subang,3.15,101.5333328,8
Maldives,Johor Bahru,1.4666667,103.75,8
Maldives,Ipoh,4.5833333,101.0833359,8
Maldives,Kuching,1.55,110.3333359,8
Maldives,Petaling Jaya,3.1072633,101.6067123,8
Maldives,Shah Alam,3.0850656,101.532814,8
Maldives,Kota Kinabalu,5.9833333,116.0666656,8
Maldives,Sandakan,5.8333333,118.1166687,8
Maldives,Seremban,2.7166667,101.9333344,8
Mali,Hithadhoo,-0.6,73.0833359,8
Mali,Kulhudhuffushi,6.6220656,73.0699844,8
Mali,Thinadhoo,0.5333333,72.9333344,8
Mali,Naifaru,5.4333333,73.3333359,8
Mali,Dhidhdhoo,6.8833333,73.0999985,8
Mali,Eydhafushi,5.1166667,73.0333328,8
Mali,Mahibadhoo,3.7833333,72.9666672,8
Mali,Midu,-0.5833333,73.2333298,8
Mali,Manadhoo,5.7666667,73.3833313,8
Mali,Kudahuvadhoo,2.6666667,72.9000015,8
Malta,Sikasso,11.3166667,-5.6666665,8
Malta,Mopti,14.4930237,-4.1942024,8
Malta,Koutiala,12.3833333,-5.4666667,8
Malta,Kayes Ndi,14.4666667,-11.4333334,8
Malta,Segou,13.45,-6.2666669,8
Malta,Gao,-0.0447222,16.2716675,8
Malta,Markala,13.6833333,-6.0833335,8
Malta,Kolokani,13.5833333,-8.0333328,8
Malta,Kati,12.7466667,-8.0713892,8
Malta,Bougouni,11.4166667,-7.4833331,8
Marshall Islands,Jabor,5.9166667,169.6499939,8
Marshall Islands,Ine,6.9833333,171.6999969,8
Mauritania,Nouakchott,18.1194444,-16.040556,8
Mauritania,Nouadhibou,20.9025,-17.042223,8
Mauritania,Barkewol,16.6403889,-12.4984932,8
Mauritius,Port Louis,-20.1619444,57.4988899,8
Mauritius,Vacoas,-20.2980556,57.4783325,8
Mauritius,Curepipe,-20.3147222,57.5202789,8
Mauritius,Quatre Bornes,-20.2644444,57.4719429,8
Mauritius,Triolet,-20.0547222,57.5452766,8
Mauritius,Centre de Flacq,-20.1897222,57.7144432,8
Mauritius,Bel Air,-20.2541667,57.7452774,8
Mauritius,Mahebourg,-20.4080556,57.7000008,8
Mauritius,Saint Pierre,-20.2175,57.5208321,8
Mauritius,Le Hochet,-20.135,57.5211105,8
Mauritius,Rose Belle,-20.4002778,57.5966682,8
Mauritius,Chemin Grenier,-20.4872222,57.4655571,8
Mauritius,Riviere du Rempart,-20.1030556,57.6847229,8
Mauritius,Grand Baie,-20.0136111,57.5738907,8
Mauritius,Plaine Magnien,-20.4286111,57.6530571,8
Mexico,Ecatepec,19.6011111,-99.0524979,8
Mexico,Guadalajara,20.6666667,-103.3333359,8
Mexico,Ciudad Juarez,31.7333333,-106.4833298,8
Mexico,Puebla de Zaragoza,19.05,-98.1999969,8
Mexico,Tijuana,32.5333333,-117.0166702,8
Mexico,Ciudad Nezahualcoyotl,19.4136111,-99.0330582,8
Mexico,Monterrey,25.6666667,-100.3166656,8
Mexico,Leon,21.1166667,-101.6666641,8
Mexico,Zapopan,20.7166667,-103.4000015,8
Mexico,Naucalpan de Juarez,19.4785079,-99.2396317,8
Micronesia,Toynim,5.3147222,163.0036163,8
Micronesia,Palikir,6.9166667,158.1499939,8
Micronesia,Kolonia,6.9638889,158.2083282,8
Micronesia,Tonoas,7.3666667,151.8999939,8
Micronesia,Nan Uh,6.9502778,158.2711182,8
Micronesia,Colonia,9.5144444,138.1291656,8
Micronesia,Tafunsak,5.3630556,162.9822235,8
Micronesia,Paata,7.3861111,151.8733368,8
Micronesia,Tamil,9.5166667,138.1499939,8
Micronesia,Malem,5.2886111,163.0238953,8
Moldova,Tiraspol,46.8402778,29.6433334,8
Moldova,Balti,47.7616667,27.9288883,8
Moldova,Tighina,46.8305556,29.4711113,8
Moldova,Stefan-Voda,46.5152778,29.6630554,8
Moldova,Ribnita,47.7663889,29.001112,8
Moldova,Cahul,45.9075,28.1944447,8
Moldova,Ungheni,47.2041667,27.7958336,8
Moldova,Soroca,48.1558333,28.2975006,8
Moldova,Orhei,47.3830556,28.8230553,8
Moldova,Dubasari,47.2630556,29.1608334,8
Monaco,Erdenet,49.0333333,104.0833359,8
Monaco,Darhan,49.4866667,105.9227753,8
Monaco,Hovd,48.0055556,91.6419449,8
Monaco,OElgiy,48.9683333,89.9625015,8
Monaco,Ulaangom,49.9811111,92.0666656,8
Monaco,Hovd,44.6702399,102.1749115,8
Monaco,Moron,49.6341667,100.1624985,8
Monaco,Suhbaatar,50.2313889,106.2077789,8
Monaco,Bayanhongor,46.7166667,100.1166687,8
Monaco,Dzuunharaa,48.8522914,106.4578629,8
Morocco,Rabat,34.02,-6.8299999,8
Morocco,Fes,34.05,-4.98,8
Morocco,Marrakech,31.63,-8,8
Morocco,Agadir,30.4,-9.6000004,8
Morocco,Tangier,35.78,-5.8099999,8
Morocco,Meknes,33.9,-5.5500002,8
Morocco,Oujda,34.68,-1.91,8
Morocco,Kenitra,34.26,-6.5700002,8
Morocco,Tetouan,35.57,-5.3699999,8
Morocco,Safi,32.3,-9.2299995,8
Mozambique,Matola,-25.9622222,32.458889,8
Mozambique,Beira,-19.8436111,34.8388901,8
Mozambique,Nampula,-15.1197222,39.2647209,8
Mozambique,Chimoio,-19.1163889,33.4833336,8
Mozambique,Cidade de Nacala,-14.5427778,40.6727791,8
Mozambique,Quelimane,-17.8786111,36.8883324,8
Mozambique,Tete,-16.1563889,33.5866661,8
Mozambique,Xai-Xai,-25.0519444,33.644165,8
Mozambique,Maxixe,-23.8597222,35.3472214,8
Mozambique,Lichinga,-13.3127778,35.2405548,8
Nepa,Pokhara,28.2333333,83.9833298,8
Nepa,Patan,27.6666667,85.3333359,8
Nepa,Biratnagar,26.4833333,87.2833328,8
Nepa,Birganj,27,84.8666687,8
Nepa,Dharan Bazar,26.8166667,87.2833328,8
Nepa,Bharatpur,27.6833333,84.4333344,8
Nepa,Janakpur,26.7,85.9166641,8
Nepa,Dhangarhi,28.6833333,80.5999985,8
Nepa,Butwal,27.7,83.4499969,8
Nepa,Mahendranagar,28.9166667,80.3333359,8
New Zealand,Wellington,-41.2785362,174.7766418,8
New Zealand,Christchurch,-43.5333333,172.6333313,8
New Zealand,Manakau,-40.7166667,175.2166595,8
New Zealand,North Shore,-36.8,174.75,8
New Zealand,Waitakere,-36.85,174.5500031,8
New Zealand,Hamilton,-37.7833333,175.2833405,8
New Zealand,Dunedin,-45.8741595,170.5036163,8
New Zealand,Tauranga,-37.6861111,176.1666718,8
New Zealand,Lower Hutt,-41.2166667,174.9166718,8
New Zealand,Palmerston North,-40.35,175.6166687,8
Nicaragua,Leon,12.4355556,-86.8794479,8
Nicaragua,Masaya,11.9666667,-86.0999985,8
Nicaragua,Tipitapa,12.2005556,-86.0938873,8
Nicaragua,Chinandega,12.6166667,-87.1500015,8
Nicaragua,Matagalpa,12.9166667,-85.9166641,8
Nicaragua,Esteli,13.0833333,-86.3499985,8
Nicaragua,Granada,11.9333333,-85.9499969,8
Nicaragua,Ciudad Sandino,12.1588889,-86.3441696,8
Nicaragua,Juigalpa,12.0833333,-85.4000015,8
Nicaragua,El Viejo,12.6666667,-87.1666641,8
Niger,Kano,11.9963889,8.5166664,8
Niger,Ibadan,7.3877778,3.896389,8
Niger,Kaduna,10.5230556,7.4402776,8
Niger,Port Harcourt,4.7891667,6.998611,8
Niger,Benin-City,6.3333333,5.6333332,8
Niger,Maiduguri,11.845,13.1599998,8
Niger,Zaria,11.0666667,7.6999998,8
Niger,Aba,5.1166667,7.3666668,8
Niger,Jos,9.9166667,8.8999996,8
Niger,Ilorin,8.5,4.5500002,8
Nigeria,Zinder,13.8,8.9833336,8
Nigeria,Maradi,13.4916667,7.0963888,8
Nigeria,Alarsas,17.0166667,8,8
Nigeria,Tahoua,14.8902778,5.2677779,8
Nigeria,Dosso,13.0444444,3.1947222,8
Nigeria,Birnin Konni,13.8,5.25,8
Nigeria,Tessaoua,13.7533333,7.9863887,8
Nigeria,Gaya,11.8877778,3.4466667,8
Nigeria,Dogondoutchi,13.6461111,4.0288887,8
Nigeria,Diffa,13.3155556,12.6088886,8
Norway,Hamhung,39.9183333,127.5363922,8
Norway,Hungnam,39.8316667,127.6186142,8
Norway,Kaesong,37.9708333,126.5544434,8
Norway,Wonsan,39.1527778,127.4436111,8
Norway,Chongjin,41.7955556,129.7758331,8
Norway,Sinuiju,40.1005556,124.398056,8
Norway,Haeju,38.0405556,125.7147217,8
Norway,Kanggye,40.9872222,126.6113892,8
Norway,Sariwon,38.5072222,125.7558365,8
Norway,Songnim,38.7541667,125.6449966,8
Oman,As Sib,23.6802778,58.1824989,8
Oman,Salalah,17.0175,54.0827789,8
Oman,Bawshar,23.5316667,58.3894463,8
Oman,Suhar,24.3688889,56.7438889,8
Oman,As Suwayq,23.8494444,57.4386101,8
Oman,`Ibri,23.2257298,56.5157204,8
Oman,Saham,24.1722222,56.8886108,8
Oman,Rustaq,23.3908333,57.4244461,8
Oman,Al Buraymi,24.25,55.75,8
Oman,Nizwa,22.9333333,57.5333328,8
Pakistan,Lahore,31.5497222,74.3436127,8
Pakistan,Faisalabad,31.4166667,73.0833359,8
Pakistan,Rawalpindi,33.6,73.0666656,8
Pakistan,Multan,30.1955556,71.4752808,8
Pakistan,Hyderabad,25.3666667,68.3666687,8
Pakistan,Gujranwala,32.15,74.1833344,8
Pakistan,Peshawar,34.0077778,71.5733337,8
Pakistan,Quetta,30.1872222,67.0124969,8
Pakistan,Islamabad,33.6100446,73.059082,8
Pakistan,Bahawalpur,29.4,71.6833344,8
Palau,Airai,7.3575,134.557785,8
Palau,Kloulklubed,7.0394444,134.2525024,8
Palau,Ngermechau,7.5513889,134.6330566,8
Palau,Melekeok,7.4933333,134.6341705,8
Palau,Ngaramasch,6.9013889,134.1294403,8
Palau,Imeong,7.5275,134.5255585,8
Palau,Ulimang,7.6216667,134.6388855,8
Palau,Ollei,7.7172222,134.6122284,8
Palau,Oikull,7.3655556,134.5836182,8
Palau,Ngetkib,7.3619444,134.5122223,8
Panama,San Miguelito,9.0333333,-79.5,8
Panama,Tocumen,9.0833333,-79.3833313,8
Panama,David,8.4333333,-82.4333344,8
Panama,Arraijan,8.95,-79.6500015,8
Panama,Colon,9.3591667,-79.9013901,8
Panama,Las Cumbres,9.0833333,-79.5333328,8
Panama,La Chorrera,8.8802778,-79.7833328,8
Panama,Pacora,9.0833333,-79.2833328,8
Panama,Santiago,8.1,-80.9833298,8
Panama,Chitre,7.9666667,-80.4333344,8
Papua New Guinea,Lae,-6.7333333,147,8
Papua New Guinea,Arawa,-6.2166667,155.5500031,8
Papua New Guinea,Mount Hagen,-5.8666667,144.2166595,8
Papua New Guinea,Popondetta,-8.7666667,148.2333374,8
Papua New Guinea,Madang,-5.2166667,145.8000031,8
Papua New Guinea,Kokopo,-4.35,152.2666626,8
Papua New Guinea,Mendi,-6.15,143.6499939,8
Papua New Guinea,Kimbe,-5.55,150.1499939,8
Papua New Guinea,Goroka,-6.0833333,145.3833313,8
Papua New Guinea,Wewak,-3.55,143.6333313,8
Paraguay,San Lorenzo,-25.3333333,-57.5333328,8
Paraguay,Capiata,-25.35,-57.4166679,8
Paraguay,Lambare,-25.35,-57.6500015,8
Paraguay,Fernando de la Mora,-25.3166667,-57.5999985,8
Paraguay,Limpio,-25.1833333,-57.5333328,8
Paraguay,Nemby,-25.3666667,-57.5999985,8
Paraguay,Encarnacion,-27.3333333,-55.9000015,8
Paraguay,Colonia Mariano Roque Alonso,-25.1666667,-57.5499992,8
Paraguay,Itaugua,-25.3833333,-57.3333321,8
Paraguay,Villa Elisa,-25.3666667,-57.6166649,8
Peru,Arequipa,-16.3988889,-71.5350037,8
Peru,Callao,-12.0666667,-77.1500015,8
Peru,Trujillo,-8.1159943,-79.0299759,8
Peru,Chiclayo,-6.7736111,-79.8416672,8
Peru,Iquitos,-3.7480556,-73.2472229,8
Peru,Huancayo,-12.0666667,-75.2333298,8
Peru,Piura,-5.2,-80.6333313,8
Peru,Chimbote,-9.0852778,-78.578331,8
Peru,Cusco,-13.5183333,-71.9780579,8
Peru,Pucallpa,-8.3791474,-74.5538635,8
Philippines,Davao,7.0730556,125.6127777,8
Philippines,Cebu City,10.3111111,123.8916702,8
Philippines,Antipolo,14.5863889,121.1752777,8
Philippines,Zamboanga,6.9102778,122.0738907,8
Philippines,Mansilingan,10.6311111,122.9788895,8
Philippines,Cagayan de Oro,8.4822222,124.6472244,8
Philippines,Dasmarinas,14.3294444,120.9366684,8
Philippines,Iloilo,10.6969444,122.5644455,8
Philippines,San Jose del Monte,14.8138889,121.0452805,8
Philippines,Bacoor,14.4577778,120.9424973,8
Poland,Lodz,51.75,19.4666672,8
Poland,Krakow,50.0833333,19.916666,8
Poland,Wroclaw,51.1,17.0333328,8
Poland,Poznan,52.4166667,16.9666672,8
Poland,Gdansk,54.35,18.666666,8
Poland,Szczecin,53.4293784,14.5529366,8
Poland,Bydgoszcz,53.15,18,8
Poland,Lublin,51.25,22.5666676,8
Poland,Katowice,50.2666667,19.0166664,8
Poland,Bialystok,53.1333333,23.1499996,8
Portugal,Porto,41.15,-8.6166668,8
Portugal,Amadora,38.7538155,-9.2308331,8
Portugal,Braga,41.55,-8.4333334,8
Portugal,Setubal,38.5243986,-8.8881969,8
Portugal,Coimbra,40.2,-8.416667,8
Portugal,Queluz,38.75,-9.25,8
Portugal,Funchal,32.6333333,-16.8999996,8
Portugal,Cacem,38.7666667,-9.3000002,8
Portugal,Vila Nova de Gaia,41.1333333,-8.6166668,8
Portugal,Loures,38.8309147,-9.1684504,8
Qatar,Ar Rayyan,25.2919444,51.4244461,8
Qatar,Umm Salal Muhammad,25.4169444,51.4038887,8
Qatar,Al Wakrah,25.1677778,51.606945,8
Qatar,Al Khawr,25.6838889,51.5058327,8
Qatar,Dukhan,25.4297222,50.7858315,8
Qatar,Al Wukayr,25.1508333,51.5377769,8
Qatar,Umm Bab,25.2141667,50.8072205,8
Qatar,Al Ghuwayriyah,25.8297222,51.2452774,8
Qatar,Al Jumayliyah,25.6094444,51.0922203,8
Qatar,Fuwayrit,26.0216667,51.3669434,8
Romania,Iasi,47.1666667,27.6000004,8
Romania,Cluj-Napoca,46.7666667,23.6000004,8
Romania,Timisoara,45.7494444,21.2272224,8
Romania,Craiova,44.3166667,23.7999992,8
Romania,Constanta,44.1833333,28.6499996,8
Romania,Galati,45.45,28.0499992,8
Romania,Brasov,45.6486084,25.6061268,8
Romania,Ploiesti,44.95,26.0166664,8
Romania,Braila,45.2666667,27.9833336,8
Romania,Oradea,47.0666667,21.9333324,8
Russia,Saint Petersburg,59.8944444,30.2641659,8
Russia,Novosibirsk,55.0411111,82.9344406,8
Russia,Yekaterinburg,56.8575,60.6124992,8
Russia,Nizhniy Novgorod,56.3286733,44.0020485,8
Russia,Samara,53.2,50.1500015,8
Russia,Omsk,55,73.4000015,8
Russia,Rostov-na-Donu,47.2363889,39.7138901,8
Russia,Chelyabinsk,55.1544444,61.4297218,8
Russia,Ufa,54.775,56.0374985,8
Russia,Volgograd,48.8047222,44.5858345,8
Saint Kitts and Nevis,Kingstown Park,13.1583333,-61.2350006,8
Saint Kitts and Nevis,Georgetown,13.2666667,-61.1166649,8
Saint Kitts and Nevis,Byera Village,13.25,-61.1166649,8
Saint Kitts and Nevis,Biabou,13.2,-61.1333351,8
Saint Kitts and Nevis,Port Elizabeth,13.0166667,-61.2333336,8
Saint Kitts and Nevis,Chateaubelair,13.2833333,-61.25,8
Saint Kitts and Nevis,Dovers,12.8833333,-61.1833344,8
El Salvador,San Salvador,13.7086111,-89.2030563,8
El Salvador,Soyapango,13.7347222,-89.1513901,8
El Salvador,Santa Ana,13.9941667,-89.5597229,8
El Salvador,Mejicanos,13.7402778,-89.2130585,8
El Salvador,Nueva San Salvador,13.6769444,-89.2797241,8
El Salvador,Apopa,13.8072222,-89.1791687,8
El Salvador,Delgado,13.7241667,-89.1702805,8
El Salvador,Sonsonate,13.7188889,-89.7241669,8
El Salvador,San Marcos,13.6588889,-89.1830521,8
El Salvador,Usulutan,13.35,-88.4499969,8
El Salvador,Cojutepeque,13.7166667,-88.9333344,8
El Salvador,Cuscatancingo,13.7361111,-89.1813889,8
El Salvador,Zacatecoluca,13.5,-88.8666687,8
Samoa,Vaitele,-13.8166667,-171.7833405,8
Samoa,Faleula,-13.8,-171.8000031,8
Samoa,Siusega,-13.8333333,-171.8166656,8
Samoa,Malie,-13.8,-171.8166656,8
Samoa,Fasitoouta,-13.8166667,-171.9166718,8
Samoa,Vaiusu,-13.8166667,-171.7666626,8
Samoa,Afenga,-13.8,-171.8166656,8
Samoa,Nofoalii,-13.8166667,-171.9166718,8
Samoa,Solosolo,-13.85,-171.6000061,8
Samoa,Leulumoega,-13.8166667,-171.9166718,8
Senegal,Dakar,14.6951119,-17.4438858,8
Senegal,Grand Dakar,14.7088889,-17.4552784,8
Senegal,Thies Nones,14.7833333,-16.9666672,8
Senegal,Saint-Louis,16.017931,-16.4896202,8
Senegal,Ziguinchor,12.5833333,-16.271944,8
Senegal,Tiebo,14.6333333,-16.2333336,8
Senegal,Mbake,14.7903186,-15.9080315,8
Senegal,Kolda,12.8833333,-14.9499998,8
Senegal,Richard Toll,16.4666667,-15.6833334,8
Senegal,Joal-Fadiout,14.1666667,-16.833334,8
Senegal,Ndibene Dahra,15.3333333,-15.4833336,8
Senegal,Bignona,12.8102778,-16.2263889,8
Senegal,Pourham,14.35,-16.416666,8
Senegal,Velingara,13.15,-14.1166668,8
Senegal,Nioro du Rip,13.75,-15.8000002,8
Senegal,Sedhiou,12.7080556,-15.5569448,8
Senegal,Mekhe,15.1166667,-16.6333332,8
Senegal,Kedougou,12.55,-12.1833334,8
Senegal,Nguekokh,14.5127778,-17.0049992,8
Senegal,Pout,14.7738889,-17.0602779,8
Slovenia,Ljubljana,46.0552778,14.5144444,8
Slovenia,Maribor,46.5547222,15.6466665,8
Slovenia,Celje,46.2361111,15.2674999,8
Slovenia,Kranj,46.2411111,14.3616667,8
Slovenia,Velenje,46.3591667,15.1102781,8
Slovenia,Koper,45.5469444,13.7294445,8
Slovenia,Novo Mesto,45.7925,15.1647224,8
Slovenia,Ptuj,46.4213889,15.8697224,8
Slovenia,Trbovlje,46.155,15.0533333,8
Slovenia,Podhom,46.4,14.1000004,8
Slovenia,Kamnik,46.2197222,14.6094446,8
Slovenia,Jesenice,46.4305556,14.0669441,8
Slovenia,Murska Sobota,46.6625,16.1663895,8
Slovenia,Skofja Loka,46.1672222,14.3088884,8
Slovenia,Domzale,46.1380556,14.5977774,8
Slovenia,Izola,45.5369444,13.6619444,8
Slovenia,Kocevje,45.6433333,14.8633337,8
Slovenia,Postojna,45.7769444,14.2166672,8
Slovenia,Logatec,45.9144444,14.2258329,8
Slovenia,Slovenj Gradec,46.5102778,15.0805559,8
Solomon Islands,Gizo,-8.1,156.8500061,8
Solomon Islands,Auki,-8.7666667,160.6999969,8
Solomon Islands,Tulaghi,-9.1,160.1499939,8
Solomon Islands,Kirakira,-10.45,161.9166718,8
Solomon Islands,Lata,-10.7166667,165.8333282,8
Somalia,Mogadishu,2.0666667,45.3666649,8
Somalia,Hargeysa,9.56,44.0649986,8
Somalia,Berbera,10.4355556,45.0163879,8
Somalia,Chisimayu,-0.3666667,42.5333328,8
Somalia,Jamaame,0.0722222,42.7505569,8
Somalia,Burao,9.5166667,45.5333328,8
Somalia,Bender Cassim,11.2847222,49.1824989,8
Somalia,Afgooye,2.15,45.1166649,8
Somalia,Galcaio,6.7697222,47.4308319,8
Somalia,Laascaanood,8.4755556,47.3577766,8
Somalia,Beledweyne,4.7358333,45.2036095,8
Somalia,Qoryooley,1.7833333,44.5333328,8
Somalia,Giohar,2.7666667,45.5166664,8
Somalia,Jilib,0.4958333,42.7727776,8
Somalia,Baardheere,2.35,42.2666664,8
South Africa,Durban,-29.85,31.0166664,8
South Africa,Johannesburg,-26.2,28.083334,8
South Africa,Soweto,-26.2666667,27.8666668,8
South Africa,Pretoria,-25.7069444,28.2294445,8
South Africa,Port Elizabeth,-33.9666667,25.583334,8
South Africa,Pietermaritzburg,-29.6166667,30.3833332,8
South Africa,Benoni,-26.1833333,28.3166676,8
South Africa,Tembisa,-25.9988889,28.226944,8
South Africa,Vereeniging,-26.6666667,27.9333324,8
South Africa,Bloemfontein,-29.1333333,26.2000008,8
"Korea, South",Pusan,35.1027778,129.0402832,8
"Korea, South",Taegu,35.8702778,128.5911102,8
"Korea, South",Taejon,36.3213889,127.4197235,8
"Korea, South",Kwangju,35.1547222,126.9155579,8
"Korea, South",Suwon,37.2841667,127.019165,8
"Korea, South",Songnam,37.4386111,127.1377792,8
"Korea, South",Ulsan,35.5372222,129.3166656,8
"Korea, South",Chonju,35.8219444,127.1488876,8
"Korea, South",Ansan,37.3236111,126.8219452,8
"Korea, South",Anyang,37.3925,126.9269409,8
Spain,Barcelona,41.3887869,2.1589851,8
Spain,Valencia,39.4697524,-0.3773868,8
Spain,Sevilla,37.3772222,-5.9869442,8
Spain,Zaragoza,41.6560643,-0.8773398,8
Spain,Malaga,36.7201559,-4.4203448,8
Spain,Murcia,37.9833333,-1.1166667,8
Spain,Las Palmas de Gran Canaria,28.1,-15.416667,8
Spain,Palma,39.5693908,2.6502371,8
Spain,Bilbao,43.2627062,-2.9252815,8
Spain,Valladolid,41.65,-4.7166667,8
Sri Lanka,Galkissa,6.8333333,79.8666687,8
Sri Lanka,Moratuwa,6.7733333,79.8824997,8
Sri Lanka,Jaffna,9.6666667,80,8
Sri Lanka,Negombo,7.2086111,79.8358307,8
Sri Lanka,Pita Kotte,6.8833333,79.9000015,8
Sri Lanka,Sri Jayewardenepura Kotte,6.9027778,79.9083328,8
Sri Lanka,Kandy,7.2963889,80.6350021,8
Sri Lanka,Trincomalee,8.5666667,81.2333298,8
Sri Lanka,Kalmunai,7.4166667,81.8166656,8
Sri Lanka,Galle,6.0536111,80.2116699,8
Sudan,Omdurman,15.6361111,32.4372215,8
Sudan,Port Sudan,19.6158333,37.2163887,8
Sudan,Kassala,15.4558333,36.3988876,8
Sudan,Al Ubayyid,13.1833333,30.2166672,8
Sudan,Kusti,13.1666667,32.6666679,8
Sudan,Wad Madani,14.4,33.5333328,8
Sudan,Al Fashir,13.6333333,25.3500004,8
Sudan,Ad Damazin,11.7666667,34.3499985,8
Sudan,Al Junaynah,13.45,22.4500008,8
Sudan,Malakal,9.5369444,31.6561108,8
Suriname,Lelydorp,5.7,-55.2333336,8
Suriname,Nieuw Nickerie,5.95,-56.9833336,8
Suriname,Moengo,5.6166667,-54.4000015,8
Suriname,Nieuw Amsterdam,5.8833333,-55.0833321,8
Suriname,Marienburg,5.8833333,-55.0499992,8
Suriname,Wageningen,5.7666667,-56.6833344,8
Suriname,Albina,5.5,-54.0499992,8
Suriname,Groningen,5.8,-55.4666672,8
Suriname,Brownsweg,5.0166667,-55.1666679,8
Suriname,Onverwacht,5.5833333,-55.1833344,8
Swaziland,Mbabane,-26.3166667,31.1333332,8
Swaziland,Big Bend,-26.8166667,31.9333324,8
Swaziland,Malkerns,-26.5666667,31.1833324,8
Swaziland,Mhlume,-26.0333333,31.8500004,8
Swaziland,Hluti,-27.2166667,31.6166668,8
Swaziland,Siteki,-26.45,31.9500008,8
Swaziland,Piggs Peak,-25.9666667,31.25,8
Swaziland,Lobamba,-26.4666667,31.2000008,8
Swaziland,Kwaluseni,-26.4833333,31.333334,8
Swaziland,Bhunya,-26.55,31.0166664,8
Sweden,Goteborg,57.7071623,11.9667931,8
Sweden,Malmoe,55.6058691,13.0007315,8
Sweden,Uppsala,59.8585015,17.6454277,8
Sweden,Kista,59.4031612,17.9447937,8
Sweden,Vasteras,59.6161738,16.5527592,8
Sweden,Orebro,59.2741206,15.2066011,8
Sweden,Linkoping,58.4166667,15.6166668,8
Sweden,Helsingborg,56.0467266,12.6943693,8
Sweden,Huddinge,59.2370497,17.9819164,8
Sweden,Jonkoping,57.7814509,14.1561842,8
Syria,Damascus,33.5,36.2999992,8
Syria,Hims,34.7333333,36.7166672,8
Syria,Hamah,35.1333333,36.75,8
Syria,Latakia,35.5166667,35.7833328,8
Syria,Dayr az Zawr,35.3333333,40.1500015,8
Syria,Ar Raqqah,35.95,39.0166664,8
Syria,Al Bab,36.3725,37.5177765,8
Syria,Idlib,35.9297222,36.6316681,8
Syria,Duma,33.5833333,36.4000015,8
Syria,As Safirah,36.0666667,37.3666649,8
Tajikistan,Khujand,40.28,69.6316681,8
Tajikistan,Kulob,37.9091667,69.7819443,8
Tajikistan,Istaravshan,39.9108333,69.0063858,8
Tajikistan,Konibodom,40.2833333,70.4166641,8
Tajikistan,Kofarnihon,38.5530556,69.019722,8
Tajikistan,Tursunzoda,38.5108333,68.230278,8
Tajikistan,Isfara,40.1166667,70.6333313,8
Tajikistan,Panjakent,39.5030556,67.6149979,8
Tajikistan,Khorugh,37.4916667,71.5558319,8
Tanzania,Mwanza,-2.5166667,32.9000015,8
Tanzania,Zanzibar,-6.1639369,39.1979332,8
Tanzania,Arusha,-3.3666667,36.6833344,8
Tanzania,Mbeya,-8.9,33.4500008,8
Tanzania,Morogoro,-6.8166667,37.6666679,8
Tanzania,Tanga,-5.0666667,39.0999985,8
Tanzania,Dodoma,-6.1833333,35.75,8
Tanzania,Kigoma,-4.8769444,29.626667,8
Tanzania,Moshi,-3.35,37.3333321,8
Tanzania,Tabora,-5.0166667,32.7999992,8
Thailand,Samut Prakan,13.5993364,100.596756,8
Thailand,Udon Thani,17.4075,102.7930527,8
Thailand,Chon Buri,13.3666667,100.9833298,8
Thailand,Nakhon Ratchasima,14.9706567,102.1019516,8
Thailand,Chiang Mai,18.7902778,98.9816666,8
Thailand,Hat Yai,7.0166667,100.4666672,8
Thailand,Pak Kret,13.9166667,100.5,8
Thailand,Si Racha,13.1666667,100.9333344,8
Thailand,Phra Pradaeng,13.6666667,100.5333328,8
Thailand,Lampang,18.2983333,99.507225,8
Togo,Sokode,8.9833333,1.1333333,8
Togo,Kara,9.5511111,1.1861111,8
Togo,Kpalime,6.9,0.6333333,8
Togo,Atakpame,7.5333333,1.1333333,8
Togo,Bassar,9.25,0.7833333,8
Togo,Tsevie,6.4261111,1.2133332,8
Togo,Aneho,6.2333333,1.6,8
Togo,Sansanne-Mango,10.3591667,0.4708333,8
Togo,Dapaong,10.8638889,0.205,8
Togo,Tchamba,9.0333333,1.4166667,8
Tonga,Neiafu,-18.65,-173.9833374,8
Tonga,Havelu,-21.15,-175.2166595,8
Tonga,Vaini,-21.2,-175.1999969,8
Tonga,Pangai,-19.8,-174.3500061,8
Tonga,`Ohonua,-21.3333333,-174.9499969,8
Tonga,Hihifo,-15.95,-173.75,8
Tunisia,Tunis,36.8027778,10.1797218,8
Tunisia,Sfax,34.7405556,10.7602777,8
Tunisia,Sousse,35.8255556,10.6411114,8
Tunisia,Midoun,33.8083333,10.9938889,8
Tunisia,Bizerte,37.2744444,9.873889,8
Tunisia,Gabes,33.8833333,10.1166668,8
Tunisia,Kasserine,35.1672222,8.8288889,8
Tunisia,Gafsa,34.425,8.7841663,8
Tunisia,La Goulette,36.8180556,10.3050003,8
Tunisia,Zarzis,33.5,11.1166668,8
Tunisia,Monastir,35.7833333,10.833333,8
Tunisia,La Mohammedia,36.6769444,10.1555557,8
Tunisia,Al Marsa,36.8781788,10.3246593,8
Tunisia,Masakin,35.7333333,10.583333,8
Turkey,Ankara,39.9272222,32.8644447,8
Turkey,Izmir,38.4072222,27.1502781,8
Turkey,Bursa,40.1916667,29.0611115,8
Turkey,Adana,37.0016667,35.3288879,8
Turkey,Gaziantep,37.0594444,37.3824997,8
Turkey,Konya,37.8655556,32.4824982,8
Turkey,Antalya,36.9125,30.6897221,8
Turkey,Eskisehir Ili,39.6666667,31.166666,8
Turkey,Diyarbakir,37.9188889,40.210556,8
Turkey,Kayseri,38.7322222,35.4852791,8
Tuvalu,Lolua,-5.6666667,176.1333313,8
Tuvalu,Asau,-7.5,178.6666718,8
Tuvalu,Tanrake,-7.25,177.1499939,8
Tuvalu,Tonga,-6.2833333,176.3166656,8
Uganda,Kampala,0.3155556,32.5655556,8
Uganda,Gulu,2.7666667,32.3055573,8
Uganda,Lira,2.235,32.9097214,8
Uganda,Jinja,0.4244444,33.2041664,8
Uganda,Bwizibwera,-0.5916667,30.6286106,8
Uganda,Mbale,1.0644444,34.1794434,8
Uganda,Kasese,0.23,29.9883327,8
Uganda,Masaka,-0.3127778,31.7130547,8
Uganda,Entebbe,0.0644444,32.4469452,8
Uganda,Njeru,0.4186111,33.1730537,8
Uganda,Kitgum,3.2783333,32.8866653,8
Uganda,Arua,3.0191667,30.9308338,8
Uganda,Iganga,0.6091667,33.4686127,8
Uganda,Fort Portal,0.6938889,30.2663898,8
Uganda,Mityana,0.4175,32.0227776,8
Uganda,Hoima,1.4355556,31.3436108,8
Ukraine,Kharkiv,50,36.25,8
Ukraine,Odesa,46.4774726,30.7326221,8
Ukraine,Zaporizhzhya,47.8166667,35.1833344,8
Ukraine,Kryvyy Rih,47.9166667,33.3499985,8
Ukraine,Mykolayiv,46.9666667,32,8
Ukraine,Makiyivka,48.0333333,37.9666672,8
Ukraine,Vinnytsya,49.2333333,28.4833336,8
Ukraine,Kherson,46.6333333,32.5999985,8
Ukraine,Poltava,49.5833333,34.5666656,8
Ukraine,Chernihiv,51.5,31.2999992,8
Uruguay,Salto,-31.3833333,-57.9666672,8
Uruguay,Paysandu,-32.3213889,-58.0755539,8
Uruguay,Las Piedras,-34.7263889,-56.2200012,8
Uruguay,Rivera,-30.9,-55.5166664,8
Uruguay,Maldonado,-34.9,-54.9500008,8
Uruguay,Tacuarembo,-31.7333333,-55.9833336,8
Uruguay,Melo,-32.3666667,-54.1833344,8
Uruguay,Mercedes,-33.2558333,-58.019165,8
Uruguay,Artigas,-30.4,-56.4666672,8
Uruguay,Minas,-34.37,-55.2249985,8
Venezuela,Caracas,10.5,-66.9166641,8
Venezuela,Valencia,10.1805556,-68.003891,8
Venezuela,Barquisimeto,10.0738889,-69.3227768,8
Venezuela,Ciudad Guayana,8.3533333,-62.6527786,8
Venezuela,Barcelona,10.1333333,-64.6999969,8
Venezuela,Maturin,9.75,-63.1766663,8
Venezuela,Puerto La Cruz,10.2166667,-64.6166687,8
Venezuela,Petare,10.4833333,-66.8166656,8
Venezuela,Turmero,10.2333333,-67.4833298,8
Venezuela,Ciudad Bolivar,8.1222222,-63.5497208,8
Vietnam,Ha Noi,21.0333333,105.8499985,8
Vietnam,Da Nang,16.0677778,108.2208328,8
Vietnam,Haiphong,20.8561111,106.6822205,8
Vietnam,Bien Hoa,10.95,106.8166656,8
Vietnam,Hue,16.4666667,107.5999985,8
Vietnam,Nha Trang,12.25,109.1833344,8
Vietnam,Can Tho,10.0333333,105.7833328,8
Vietnam,Rach Gia,10.0166667,105.0833359,8
Vietnam,Quy Nhon,13.7666667,109.2333298,8
Vietnam,Vung Tau,10.35,107.0666656,8
Yemen,Al Hudaydah,14.7977778,42.9522209,8
Yemen,Ta`izz,13.5666667,44.0333328,8
Yemen,`Adan,12.7794444,45.0366669,8
Yemen,Al Mukalla,14.53,49.1313896,8
Yemen,Ibb,13.9666667,44.1833344,8
Yemen,Sayyan,15.1713889,44.3247223,8
Yemen,Zabid,14.195,43.3152771,8
Yemen,Bajil,15.0666667,43.2833328,8
Yemen,Hajjah,15.695,43.5974998,8
Yemen,Dhi as Sufal,13.85,44.1166649,8
Zambia,Kitwe,-12.8166667,28.2000008,8
Zambia,Ndola,-12.9666667,28.6333332,8
Zambia,Kabwe,-14.4357192,28.4442043,8
Zambia,Chingola,-12.5333333,27.8500004,8
Zambia,Mufulira,-12.55,28.2333336,8
Zambia,Luanshya,-13.1333333,28.3999996,8
Zambia,Livingstone,-17.85,25.8666668,8
Zambia,Kasama,-10.2,31.2000008,8
Zambia,Chipata,-13.6333333,32.6500015,8
Zambia,Kalulushi,-12.8333333,28.083334,8
Zimbabwe,Bulawayo,-20.15,28.583334,8
Zimbabwe,Chitungwiza,-17.9938889,31.0480556,8
Zimbabwe,Mutare,-18.9666667,32.6666679,8
Zimbabwe,Gweru,-19.45,29.8166676,8
Zimbabwe,Epworth,-17.89,31.1474991,8
Zimbabwe,Zvishavane District,-20.25,30.083334,8
Zimbabwe,Kwekwe,-18.9166667,29.8166676,8
Zimbabwe,Kadoma,-18.35,29.916666,8
Zimbabwe,Masvingo,-20.0833333,30.833334,8
Zimbabwe,Chinhoyi,-17.3666667,30.2000008,8
Switzerland,Zrich,47.3786,8.54,8
Switzerland,Geneva,46.2,6.15,8
Switzerland,Basel,47.5606,7.5906,8
Switzerland,Lausanne,46.5333,6.6333,8
Switzerland,Bern,46.948,7.4474,8
Switzerland,Winterthur,47.4992,8.7267,8
Switzerland,Lucerne,47.0523,8.3059,8
Switzerland,Sankt Gallen,47.4233,9.3772,8
Switzerland,Lugano,46.0103,8.9625,8
Switzerland,Biel/Bienne,47.1372,7.2472,8
Switzerland,Thun,46.759,7.63,8
Switzerland,Bellinzona,46.1956,9.0238,8
Switzerland,Kniz,46.925,7.4153,8
Switzerland,La Chaux-de-Fonds,47.0996,6.8296,8
Switzerland,Fribourg,46.8,7.15,8
Switzerland,Schaffhausen,47.6965,8.6339,8
Switzerland,Vernier,46.2,6.1,8
Switzerland,Chur,46.8521,9.5297,8
Switzerland,Sion,46.2304,7.3661,8
Switzerland,Uster,47.3492,8.7192,8
Switzerland,Neuchtel,46.9903,6.9306,8
Switzerland,Landecy,46.1897,6.1158,8
Switzerland,Zug,47.1692,8.5164,8
Switzerland,Yverdon-les-Bains,46.7785,6.6408,8
Switzerland,Emmen,47.0772,8.3,8
Switzerland,Dbendorf,47.3981,8.6194,8
Switzerland,Kriens,47.0344,8.28,8
Switzerland,Rapperswil-Jona,47.2286,8.8317,8
Switzerland,Dietikon,47.4056,8.4039,8
Switzerland,Montreux,46.4333,6.9167,8
Switzerland,Frauenfeld,47.5558,8.8964,8
Switzerland,Wetzikon,47.3208,8.7931,8
Switzerland,Baar,47.1956,8.5264,8
Switzerland,Meyrin,46.2322,6.0791,8
Switzerland,Wil,47.4664,9.0497,8
Switzerland,Bulle,46.6167,7.05,8
Switzerland,Horgen,47.2608,8.5975,8
Switzerland,Carouge,46.1817,6.1404,8
Switzerland,Kreuzlingen,47.6458,9.1783,8
Switzerland,Wdenswil,47.2303,8.6722,8
Switzerland,Aarau,47.3923,8.0446,8
Switzerland,Nyon,46.382,6.2389,8
Switzerland,Blach,47.5189,8.5422,8
Switzerland,Vevey,46.4667,6.85,8
Switzerland,Opfikon,47.4331,8.5719,8
Switzerland,Kloten,47.4481,8.5828,8
Switzerland,Reinach,47.4936,7.5908,8
Switzerland,Baden,47.4729,8.308,8
Switzerland,Onex,46.1833,6.1,8
Switzerland,Adliswil,47.3122,8.5256,8
Switzerland,Schlieren,47.3989,8.4497,8
Switzerland,Volketswil,47.3906,8.6953,8
Switzerland,Pully,46.5167,6.6667,8
Switzerland,Regensdorf,47.4383,8.4744,8
Switzerland,Gossau,47.4164,9.25,8
Switzerland,Martigny,46.1,7.0728,8
Switzerland,Muttenz,47.5228,7.6452,8
Switzerland,Thalwil,47.2953,8.5647,8
Switzerland,Monthey,46.25,6.95,8
Switzerland,Ostermundigen,46.9553,7.4833,8
Switzerland,Grenchen,47.1931,7.3958,8
Switzerland,Olten,47.3531,7.9078,8
Switzerland,Effretikon,47.4158,8.7197,8
Switzerland,Sierre,46.2918,7.532,8
Switzerland,Solothurn,47.2081,7.5375,8
Switzerland,Pratteln,47.5185,7.6928,8
Switzerland,Burgdorf,47.0567,7.6264,8
Switzerland,Einsiedeln,47.1278,8.7431,8
Switzerland,Schwyz,47.0205,8.6583,8
Switzerland,Liestal,47.4839,7.735,8
Switzerland,Brig-Glis,46.3159,7.9876,8
Switzerland,Delmont,47.3653,7.3472,8
Switzerland,Glarus,47.0331,9.0664,8
Switzerland,Pfffikon,47.3667,8.7822,8
Switzerland,Weinfelden,47.5698,9.112,8
Switzerland,Hinwil,47.3033,8.8444,8
Switzerland,Davos,46.8091,9.8398,8
Switzerland,Sarnen,46.8969,8.2469,8
Switzerland,Sursee,47.1742,8.1081,8
Switzerland,Rorschach,47.4786,9.4936,8
Switzerland,Altdorf,46.8806,8.6394,8
Switzerland,Stans,46.9594,8.3667,8
Switzerland,Appenzell,47.3333,9.4167,8
Switzerland,Interlaken,46.6881,7.8646,8
Switzerland,Bad Zurzach,47.5872,8.2944,8
Switzerland,Laufenburg,47.5608,8.0594,8
Switzerland,Rheinfelden,47.5536,7.7938,8
Switzerland,Bremgarten,47.3515,8.3375,8
Switzerland,Echallens,46.6425,6.6373,8
Switzerland,Mnchwilen,47.4779,8.9957,8
Switzerland,Muri,47.2704,8.3382,8
Switzerland,Igis,46.9453,9.5722,8
Switzerland,Kssnacht,47.0856,8.4421,8
Switzerland,Thusis,46.6975,9.4402,8
Switzerland,Aarberg,47.0438,7.2736,8
Switzerland,Saint-Maurice,46.2183,7.0032,8
Switzerland,Lachen,47.1993,8.8543,8
Switzerland,Balsthal,47.3159,7.693,8
Switzerland,Tafers,46.8163,7.221,8
Switzerland,Domat/Ems,46.8348,9.4508,8
Switzerland,Lichtensteig,47.3376,9.0841,8
Switzerland,Cernier,47.0574,6.8948,8
Switzerland,Altsttten,47.3764,9.555,8
Switzerland,Langnau,46.9394,7.7874,8
Switzerland,Gersau,46.9942,8.525,8